Nombre,Apellidos,ID
Nombre299,ApellidoNombre299,Correo299@gmail.com
Nombre300,ApellidoNombre300,Correo300@gmail.com
Nombre301,ApellidoNombre301,Correo301@gmail.com
Nombre302,ApellidoNombre302,Correo302@gmail.com
Nombre303,ApellidoNombre303,Correo303@gmail.com
Nombre304,ApellidoNombre304,Correo304@gmail.com
Nombre305,ApellidoNombre305,Correo305@gmail.com
Nombre306,ApellidoNombre306,Correo306@gmail.com
Nombre307,ApellidoNombre307,Correo307@gmail.com
Nombre308,ApellidoNombre308,Correo308@gmail.com
Nombre309,ApellidoNombre309,Correo309@gmail.com
Nombre310,ApellidoNombre310,Correo310@gmail.com
Nombre311,ApellidoNombre311,Correo311@gmail.com
Nombre312,ApellidoNombre312,Correo312@gmail.com
Nombre313,ApellidoNombre313,Correo313@gmail.com
Nombre314,ApellidoNombre314,Correo314@gmail.com
Nombre315,ApellidoNombre315,Correo315@gmail.com
Nombre316,ApellidoNombre316,Correo316@gmail.com
Nombre317,ApellidoNombre317,Correo317@gmail.com
Nombre318,ApellidoNombre318,Correo318@gmail.com
Nombre319,ApellidoNombre319,Correo319@gmail.com
Nombre320,ApellidoNombre320,Correo320@gmail.com
Nombre321,ApellidoNombre321,Correo321@gmail.com
Nombre322,ApellidoNombre322,Correo322@gmail.com
Nombre323,ApellidoNombre323,Correo323@gmail.com
Nombre324,ApellidoNombre324,Correo324@gmail.com
Nombre325,ApellidoNombre325,Correo325@gmail.com
Nombre326,ApellidoNombre326,Correo326@gmail.com
Nombre327,ApellidoNombre327,Correo327@gmail.com
Nombre328,ApellidoNombre328,Correo328@gmail.com
Nombre329,ApellidoNombre329,Correo329@gmail.com
Nombre330,ApellidoNombre330,Correo330@gmail.com
Nombre331,ApellidoNombre331,Correo331@gmail.com
Nombre332,ApellidoNombre332,Correo332@gmail.com
Nombre333,ApellidoNombre333,Correo333@gmail.com
Nombre334,ApellidoNombre334,Correo334@gmail.com
Nombre335,ApellidoNombre335,Correo335@gmail.com
Nombre336,ApellidoNombre336,Correo336@gmail.com
Nombre337,ApellidoNombre337,Correo337@gmail.com
Nombre338,ApellidoNombre338,Correo338@gmail.com
Nombre339,ApellidoNombre339,Correo339@gmail.com
Nombre340,ApellidoNombre340,Correo340@gmail.com
Nombre341,ApellidoNombre341,Correo341@gmail.com
Nombre342,ApellidoNombre342,Correo342@gmail.com
Nombre343,ApellidoNombre343,Correo343@gmail.com
Nombre344,ApellidoNombre344,Correo344@gmail.com
Nombre345,ApellidoNombre345,Correo345@gmail.com
Nombre346,ApellidoNombre346,Correo346@gmail.com
Nombre347,ApellidoNombre347,Correo347@gmail.com
Nombre348,ApellidoNombre348,Correo348@gmail.com
Nombre349,ApellidoNombre349,Correo349@gmail.com
Nombre350,ApellidoNombre350,Correo350@gmail.com
Nombre351,ApellidoNombre351,Correo351@gmail.com
Nombre352,ApellidoNombre352,Correo352@gmail.com
Nombre353,ApellidoNombre353,Correo353@gmail.com
Nombre354,ApellidoNombre354,Correo354@gmail.com
Nombre355,ApellidoNombre355,Correo355@gmail.com
Nombre356,ApellidoNombre356,Correo356@gmail.com
Nombre357,ApellidoNombre357,Correo357@gmail.com
Nombre358,ApellidoNombre358,Correo358@gmail.com
Nombre359,ApellidoNombre359,Correo359@gmail.com
Nombre360,ApellidoNombre360,Correo360@gmail.com
Nombre361,ApellidoNombre361,Correo361@gmail.com
Nombre362,ApellidoNombre362,Correo362@gmail.com
Nombre363,ApellidoNombre363,Correo363@gmail.com
Nombre364,ApellidoNombre364,Correo364@gmail.com
Nombre365,ApellidoNombre365,Correo365@gmail.com
Nombre366,ApellidoNombre366,Correo366@gmail.com
Nombre367,ApellidoNombre367,Correo367@gmail.com
Nombre368,ApellidoNombre368,Correo368@gmail.com
Nombre369,ApellidoNombre369,Correo369@gmail.com
Nombre370,ApellidoNombre370,Correo370@gmail.com
Nombre371,ApellidoNombre371,Correo371@gmail.com
Nombre372,ApellidoNombre372,Correo372@gmail.com
Nombre373,ApellidoNombre373,Correo373@gmail.com
Nombre374,ApellidoNombre374,Correo374@gmail.com
Nombre375,ApellidoNombre375,Correo375@gmail.com
Nombre376,ApellidoNombre376,Correo376@gmail.com
Nombre377,ApellidoNombre377,Correo377@gmail.com
Nombre378,ApellidoNombre378,Correo378@gmail.com
Nombre379,ApellidoNombre379,Correo379@gmail.com
Nombre380,ApellidoNombre380,Correo380@gmail.com
Nombre381,ApellidoNombre381,Correo381@gmail.com
Nombre382,ApellidoNombre382,Correo382@gmail.com
Nombre383,ApellidoNombre383,Correo383@gmail.com
Nombre384,ApellidoNombre384,Correo384@gmail.com
Nombre385,ApellidoNombre385,Correo385@gmail.com
Nombre386,ApellidoNombre386,Correo386@gmail.com
Nombre387,ApellidoNombre387,Correo387@gmail.com
Nombre388,ApellidoNombre388,Correo388@gmail.com
Nombre389,ApellidoNombre389,Correo389@gmail.com
Nombre390,ApellidoNombre390,Correo390@gmail.com
Nombre391,ApellidoNombre391,Correo391@gmail.com
Nombre392,ApellidoNombre392,Correo392@gmail.com
Nombre393,ApellidoNombre393,Correo393@gmail.com
Nombre394,ApellidoNombre394,Correo394@gmail.com
Nombre395,ApellidoNombre395,Correo395@gmail.com
Nombre396,ApellidoNombre396,Correo396@gmail.com
Nombre397,ApellidoNombre397,Correo397@gmail.com
Nombre398,ApellidoNombre398,Correo398@gmail.com
Nombre399,ApellidoNombre399,Correo399@gmail.com
Nombre400,ApellidoNombre400,Correo400@gmail.com
Nombre401,ApellidoNombre401,Correo401@gmail.com
Nombre402,ApellidoNombre402,Correo402@gmail.com
Nombre403,ApellidoNombre403,Correo403@gmail.com
Nombre404,ApellidoNombre404,Correo404@gmail.com