Nombre,Apellidos,ID
Nombre1,Apellido11 Apellido2,Correo1@gmail.com
Nombre2,Apellido12 Apellido2,Correo2@gmail.com
Nombre3,Apellido13 Apellido2,Correo3@gmail.com
Nombre4,Apellido14 Apellido2,Correo4@gmail.com
Nombre5,Apellido15 Apellido2,Correo5@gmail.com
Nombre6,Apellido16 Apellido2,Correo6@gmail.com
Nombre7,Apellido17 Apellido2,Correo7@gmail.com
Nombre8,Apellido18 Apellido2,Correo8@gmail.com
Nombre9,Apellido19 Apellido2,Correo9@gmail.com
Nombre10,Apellido110 Apellido2,Correo10@gmail.com
Nombre11,Apellido111 Apellido2,Correo11@gmail.com
Nombre12,Apellido112 Apellido2,Correo12@gmail.com
Nombre13,Apellido113 Apellido2,Correo13@gmail.com
Nombre14,Apellido114 Apellido2,Correo14@gmail.com
Nombre15,Apellido115 Apellido2,Correo15@gmail.com
Nombre16,Apellido116 Apellido2,Correo16@gmail.com
Nombre17,Apellido117 Apellido2,Correo17@gmail.com
Nombre18,Apellido118 Apellido2,Correo18@gmail.com
Nombre19,Apellido119 Apellido2,Correo19@gmail.com
Nombre20,Apellido120 Apellido2,Correo20@gmail.com
Nombre21,Apellido121 Apellido2,Correo21@gmail.com
Nombre22,Apellido122 Apellido2,Correo22@gmail.com
Nombre23,Apellido123 Apellido2,Correo23@gmail.com
Nombre24,Apellido124 Apellido2,Correo24@gmail.com
Nombre25,Apellido125 Apellido2,Correo25@gmail.com
Nombre26,Apellido126 Apellido2,Correo26@gmail.com
Nombre27,Apellido127 Apellido2,Correo27@gmail.com
Nombre28,Apellido128 Apellido2,Correo28@gmail.com
Nombre29,Apellido129 Apellido2,Correo29@gmail.com
Nombre30,Apellido130 Apellido2,Correo30@gmail.com
Nombre31,Apellido131 Apellido2,Correo31@gmail.com
Nombre32,Apellido132 Apellido2,Correo32@gmail.com
Nombre33,Apellido133 Apellido2,Correo33@gmail.com
Nombre34,Apellido134 Apellido2,Correo34@gmail.com
Nombre35,Apellido135 Apellido2,Correo35@gmail.com
Nombre36,Apellido136 Apellido2,Correo36@gmail.com
Nombre37,Apellido137 Apellido2,Correo37@gmail.com
Nombre38,Apellido138 Apellido2,Correo38@gmail.com
Nombre39,Apellido139 Apellido2,Correo39@gmail.com
Nombre40,Apellido140 Apellido2,Correo40@gmail.com
Nombre41,Apellido141 Apellido2,Correo41@gmail.com
Nombre42,Apellido142 Apellido2,Correo42@gmail.com
Nombre43,Apellido143 Apellido2,Correo43@gmail.com
Nombre44,Apellido144 Apellido2,Correo44@gmail.com
Nombre45,Apellido145 Apellido2,Correo45@gmail.com
Nombre46,Apellido146 Apellido2,Correo46@gmail.com
Nombre47,Apellido147 Apellido2,Correo47@gmail.com
Nombre48,Apellido148 Apellido2,Correo48@gmail.com
Nombre49,Apellido149 Apellido2,Correo49@gmail.com
Nombre50,Apellido150 Apellido2,Correo50@gmail.com
Nombre51,Apellido151 Apellido2,Correo51@gmail.com
Nombre52,Apellido152 Apellido2,Correo52@gmail.com
Nombre53,Apellido153 Apellido2,Correo53@gmail.com
Nombre54,Apellido154 Apellido2,Correo54@gmail.com
Nombre55,Apellido155 Apellido2,Correo55@gmail.com
Nombre56,Apellido156 Apellido2,Correo56@gmail.com
Nombre57,Apellido157 Apellido2,Correo57@gmail.com
Nombre58,Apellido158 Apellido2,Correo58@gmail.com
Nombre59,Apellido159 Apellido2,Correo59@gmail.com